,id,words,ner,task
7,457,"['Постинфарктный', 'кардиосклероз', '(', 'инфаркт', 'миокарда', 'в', '2013', 'году', ')', ',', 'коронаросклероз', '(', 'коронарография', 'в', '2013', 'г', '.']","['O', 'O', 'O', 'O', 'O', 'O', 'O', 'O', 'O', 'O', 'O', 'O', 'O', 'O', 'O', 'O', 'O']",295
8,265,"['Тоны', 'сердца', 'приглушены', ',', 'пульс', '–', '58', 'уд', '/', 'мин', ',', 'АД', '–', '95', '/', '60', 'мм', 'рт.ст', '.']","['PAT', 'PAT', 'PAT', 'O', 'PAT', 'PAT', 'PAT', 'PAT', 'PAT', 'PAT', 'O', 'PAT', 'PAT', 'PAT', 'PAT', 'PAT', 'PAT', 'PAT', 'O']",286
22,311,"['18', 'лет', 'обратился', 'в', 'поликлинику', 'на', '2', 'день', 'болезни', 'с', 'жалобами', 'на', 'заложенность', 'носа', ',', 'першение', 'в', 'горле', ',', 'слабость', ',', 'головокружение', '.']","['O', 'O', 'O', 'O', 'O', 'O', 'O', 'O', 'O', 'O', 'O', 'O', 'PAT', 'PAT', 'O', 'PAT', 'PAT', 'PAT', 'O', 'PAT', 'O', 'PAT', 'O']",289
25,549,"[',', 'ЧСС', '–', '80', 'уд', '/', 'мин', '.']","['O', 'PHY', 'PHY', 'PHY', 'PHY', 'PHY', 'PHY', 'O']",301
27,38,"['На', '4', 'день', 'применения', 'Меропенема', 'появилась', 'крапивница', ',', 'отѐк', 'Квинке', ',', 'в', 'связи', 'с', 'чем', 'препарат', 'отменѐн', '.']","['O', 'O', 'O', 'O', 'O', 'O', 'O', 'O', 'O', 'O', 'O', 'O', 'O', 'O', 'O', 'O', 'O', 'O']",272
34,661,"['При', 'перкуссии', 'притупление', 'слева', 'в', 'верхних', 'отделах', ',', 'здесь', 'же', 'определяется', 'бронхиальное', 'дыхание', 'высокого', 'тембра', ',', 'шум', 'трения', 'плевры', 'спереди', ',', 'хрипов', 'не', 'слышно', '.']","['PAT', 'PAT', 'PAT', 'PAT', 'PAT', 'PAT', 'PAT', 'O', 'PAT', 'PAT', 'PAT', 'PAT', 'PAT', 'PAT', 'PAT', 'O', 'PAT', 'PAT', 'PAT', 'PAT', 'O', 'PHY', 'PHY', 'PHY', 'O']",307
36,103,"['На', 'следующий', 'день', 'появился', 'сухой', 'кашель', ',', 'заложенность', 'носа', ',', 'чувство', 'першения', 'за', 'грудиной', ',', 'температура', 'повысилась', 'до', '39,5', '°', 'С', ',', 'головная', 'боль', 'усилилась', '.']","['O', 'O', 'O', 'O', 'PAT', 'PAT', 'O', 'PAT', 'PAT', 'O', 'PAT', 'PAT', 'PAT', 'PAT', 'O', 'PAT', 'PAT', 'PAT', 'PAT', 'PAT', 'PAT', 'O', 'PAT', 'PAT', 'PAT', 'O']",277
50,303,"['Печень', 'выступает', 'из-под', 'края', 'рѐберной', 'дуги', 'на', '3', 'см', ',', 'пальпируется', 'нижний', 'полюс', 'селезѐнки', '.']","['PAT', 'PAT', 'PAT', 'PAT', 'PAT', 'PAT', 'PAT', 'PAT', 'PAT', 'O', 'PAT', 'PAT', 'PAT', 'PAT', 'O']",288
51,90,"['Живот', 'мягкий', ',', 'при', 'пальпации', 'безболезненный', 'во', 'всех', 'отделах', '.']","['PHY', 'PHY', 'O', 'PHY', 'PHY', 'PHY', 'PHY', 'PHY', 'PHY', 'O']",276
54,627,"['Больному', 'был', 'назначен', 'Ампициллин', '1000000', 'ЕД', 'в', '/', 'м', '6', 'раз', 'в', 'сутки', '.']","['O', 'O', 'O', 'O', 'O', 'O', 'O', 'O', 'O', 'O', 'O', 'O', 'O', 'O']",305
57,562,"['Какие', 'симптомы', 'являются', 'обязательными', 'для', 'данного', 'заболевания', '?']","['O', 'O', 'O', 'O', 'O', 'O', 'O', 'O']",301
74,63,"['В', 'течение', '5', 'лет', 'страдает', 'гипертонической', 'болезнью', ',', 'эпизодически', 'при', 'повышении', 'АД', 'принимает', 'Каптоприл', '.']","['O', 'O', 'O', 'O', 'O', 'O', 'O', 'O', 'O', 'O', 'O', 'O', 'O', 'O', 'O']",275
76,691,"['Поставьте', 'наиболее', 'вероятный', 'предварительный', 'диагноз', '.']","['O', 'O', 'O', 'O', 'O', 'O']",308
78,504,"['Кожные', 'покровы', 'влажные', ',', 'чистые', '.']","['PAT', 'PAT', 'PAT', 'O', 'PAT', 'O']",298
80,77,"['В', 'области', 'эритемы', 'отмечался', 'лѐгкий', 'зуд', ',', 'общее', 'самочувствие', 'не', 'нарушалось', '.']","['O', 'O', 'O', 'O', 'PAT', 'PAT', 'O', 'O', 'O', 'O', 'O', 'O']",276
83,618,"['49', 'лет', 'поступил', 'с', 'приѐма', 'врача-терапевта', 'участкового', 'в', 'терапевтическое', 'отделение', 'с', 'жалобами', 'на', 'повышение', 'температуры', 'тела', 'до', '38,2', '°', 'С', 'с', 'ознобом', ',', 'одышку', ',', 'кашель', 'со', 'скудной', 'мокротой', ',', 'боль', 'в', 'правом', 'боку', 'при', 'глубоком', 'дыхании', '.']","['O', 'O', 'O', 'O', 'O', 'O', 'O', 'O', 'O', 'O', 'O', 'O', 'O', 'PAT', 'PAT', 'PAT', 'PAT', 'PAT', 'PAT', 'PAT', 'PAT', 'PAT', 'O', 'PAT', 'O', 'PAT', 'PAT', 'PAT', 'PAT', 'O', 'PAT', 'PAT', 'PAT', 'PAT', 'PAT', 'PAT', 'PAT', 'O']",305
88,73,"['Плановое', 'лечение', 'гипертонической', 'болезни', 'у', 'данного', 'больного', '.']","['O', 'O', 'O', 'O', 'O', 'O', 'O', 'O']",275
89,287,"['Дайте', 'этиологическую', 'характеристику', 'возбудителю', ',', 'предположительно', 'вызвавшему', 'заболевание', ',', 'назовите', 'источники', 'инфекции', 'и', 'пути', 'заражения', '.']","['O', 'O', 'O', 'O', 'O', 'O', 'O', 'O', 'O', 'O', 'O', 'O', 'O', 'O', 'O', 'O']",287
92,325,"['СЗ_Лечебное', 'дело', '(', 'ч', '.4', ')', '–', '2017', '354', 'СИТУАЦИОННАЯ', 'ЗАДАЧА', '290', '[', 'K000457', ']', 'Инструкция', ':', 'ОЗНАКОМЬТЕСЬ', 'С', 'СИТУАЦИЕЙ', 'И', 'ДАЙТЕ', 'РАЗВЕРНУТЫЕ', 'ОТВЕТЫ', 'НА', 'ВОПРОСЫ', 'Основная', 'часть', 'Больная', 'К', '.']","['O', 'O', 'O', 'O', 'O', 'O', 'O', 'O', 'O', 'O', 'O', 'O', 'O', 'O', 'O', 'O', 'O', 'O', 'O', 'O', 'O', 'O', 'O', 'O', 'O', 'O', 'O', 'O', 'O', 'O', 'O']",290
97,474,"['СЗ_Лечебное', 'дело', '(', 'ч', '.4', ')', '–', '2017', '362', 'СИТУАЦИОННАЯ', 'ЗАДАЧА', '296', '[', 'K001994', ']', 'Инструкция', ':', 'ОЗНАКОМЬТЕСЬ', 'С', 'СИТУАЦИЕЙ', 'И', 'ДАЙТЕ', 'РАЗВЕРНУТЫЕ', 'ОТВЕТЫ', 'НА', 'ВОПРОСЫ', 'Основная', 'часть', 'Больной', 'Л', '.']","['O', 'O', 'O', 'O', 'O', 'O', 'O', 'O', 'O', 'O', 'O', 'O', 'O', 'O', 'O', 'O', 'O', 'O', 'O', 'O', 'O', 'O', 'O', 'O', 'O', 'O', 'O', 'O', 'O', 'O', 'O']",296
100,497,"['Обоснуйте', 'поставленный', 'Вами', 'диагноз', '.']","['O', 'O', 'O', 'O', 'O']",297
103,447,"['Клинический', 'анализ', 'крови', ':', 'гемоглобин', '–', '100', 'г', '/', 'л', ';', 'эритроциты', '–', '3,0', '×', '1012', '/', 'л', ';', 'лейкоциты', '8,4', '×', '10', '9', '/', 'л', ';', 'палочкоядерные', '–', '4%', ';', 'сегментоядерные', '–', '61%', ';', 'эозинофилы', '–', '1%', ';', 'лимфоциты', '–', '30%', ';', 'моноциты', '–', '4%', ';', 'СОЭ', '–', '20', 'мм', '/', 'час', '.']","['O', 'O', 'O', 'O', 'PAT', 'PAT', 'PAT', 'PAT', 'PAT', 'PAT', 'O', 'PAT', 'PAT', 'PAT', 'PAT', 'PAT', 'PAT', 'PAT', 'O', 'PHY', 'PHY', 'PHY', 'PHY', 'PHY', 'PHY', 'PHY', 'O', 'PAT', 'PAT', 'PAT', 'O', 'PHY', 'PHY', 'PHY', 'O', 'PHY', 'PHY', 'PHY', 'O', 'PHY', 'PHY', 'PHY', 'O', 'PHY', 'PHY', 'PHY', 'O', 'PAT', 'PAT', 'PAT', 'PAT', 'PAT', 'PAT', 'O']",294
104,334,"['В', 'лѐгких', 'дыхание', 'везикулярное', ',', 'хрипов', 'нет', '.']","['O', 'O', 'PHY', 'PHY', 'O', 'PHY', 'PHY', 'O']",290
108,605,"['Пальпируются', 'увеличенные', 'лимфатические', 'узлы', 'до', '1', 'см', 'в', 'диаметре', '.']","['PAT', 'PAT', 'PAT', 'PAT', 'PAT', 'PAT', 'PAT', 'PAT', 'PAT', 'O']",304
114,489,"['СЗ_Лечебное', 'дело', '(', 'ч', '.4', ')', '–', '2017', '364', 'СИТУАЦИОННАЯ', 'ЗАДАЧА', '297', '[', 'K002692', ']', 'Инструкция', ':', 'ОЗНАКОМЬТЕСЬ', 'С', 'СИТУАЦИЕЙ', 'И', 'ДАЙТЕ', 'РАЗВЕРНУТЫЕ', 'ОТВЕТЫ', 'НА', 'ВОПРОСЫ', 'Основная', 'часть', 'Девушка', '20', 'лет', 'жалуется', 'на', 'неприятные', 'ощущения', 'в', 'глотке', ':', 'першение', ',', 'жжение', '.']","['O', 'O', 'O', 'O', 'O', 'O', 'O', 'O', 'O', 'O', 'O', 'O', 'O', 'O', 'O', 'O', 'O', 'O', 'O', 'O', 'O', 'O', 'O', 'O', 'O', 'O', 'O', 'O', 'O', 'O', 'O', 'O', 'O', 'PAT', 'PAT', 'PAT', 'PAT', 'O', 'PAT', 'O', 'PAT', 'O']",297
123,54,"['Больной', 'получает', 'лечение', ':', 'Эналаприл', 'по', '5', 'мг', '2', 'раза', ',', 'Нифедипин', 'по', '10', 'мг', '2', 'раза', ',', 'Изосорбитадинитрат', 'пролонгированный', '40', 'мг', '2', 'раза', ',', 'Гипотиазид', '25', 'мг', '1', 'раз', 'утром', ',', 'Дигоксин', '0,25', 'мг', '1', 'раз', 'в', 'сутки', ',', 'Верапамил', 'по', '120', 'мг', '3', 'раза', '.']","['O', 'O', 'O', 'O', 'O', 'O', 'O', 'O', 'O', 'O', 'O', 'O', 'O', 'O', 'O', 'O', 'O', 'O', 'O', 'O', 'O', 'O', 'O', 'O', 'O', 'O', 'O', 'O', 'O', 'O', 'O', 'O', 'O', 'O', 'O', 'O', 'O', 'O', 'O', 'O', 'O', 'O', 'O', 'O', 'O', 'O', 'O']",274
125,719,"['Поставьте', 'наиболее', 'вероятный', 'диагноз', '.']","['O', 'O', 'O', 'O', 'O']",310
126,175,"['В', 'лѐгких', '–', 'жѐсткое', 'дыхание', ',', 'единичные', 'сухие', 'хрипы', '.']","['O', 'O', 'O', 'PAT', 'PAT', 'O', 'PAT', 'PAT', 'PAT', 'O']",280
138,41,"['С', '30', 'лет', 'страдает', 'атопической', 'бронхиальной', 'астмой', 'средней', 'тяжести', '.']","['O', 'O', 'O', 'O', 'O', 'O', 'O', 'O', 'O', 'O']",273
140,442,"['В', 'лѐгких', 'дыхание', 'везикулярное', ',', 'ЧД', '–', '16', 'в', 'мин', '.']","['O', 'O', 'PHY', 'PHY', 'O', 'PHY', 'PHY', 'PHY', 'PHY', 'PHY', 'O']",294
141,733,"['Частота', 'дыхательных', 'движений', '(', 'ЧДД', ')', '–', '26', 'в', 'мин', '.']","['PAT', 'PAT', 'PAT', 'PAT', 'PAT', 'PAT', 'PAT', 'PAT', 'PAT', 'PAT', 'O']",311
145,417,"['ЧСС', '–', '90', 'уд', '/', 'мин', ',', 'АД', '–', '110', '/', '70', 'мм', 'рт', '.']","['PAT', 'PAT', 'PAT', 'PAT', 'PAT', 'PAT', 'O', 'PHY', 'PHY', 'PHY', 'PHY', 'PHY', 'PHY', 'PHY', 'O']",293
148,92,"['Поколачивание', 'по', 'поясничной', 'области', 'безболезненное', 'с', 'обеих', 'сторон', '.']","['PHY', 'PHY', 'PHY', 'PHY', 'PHY', 'PHY', 'PHY', 'PHY', 'O']",276
151,582,"['Имеются', 'тофусы', 'в', 'области', 'проксимальных', 'межфаланговых', 'суставов', 'с', 'обеих', 'сторон', ',', 'в', 'области', 'локтевых', 'суставов', '.']","['PAT', 'PAT', 'PAT', 'PAT', 'PAT', 'PAT', 'PAT', 'PAT', 'PAT', 'PAT', 'PAT', 'PAT', 'PAT', 'PAT', 'PAT', 'O']",303
156,707,"['С', 'какими', 'заболеваниями', 'следует', 'провести', 'дифференциальный', 'диагноз', '?']","['O', 'O', 'O', 'O', 'O', 'O', 'O', 'O']",309
167,688,"['Пульс', '–', '120', 'уд', '/', 'мин', '.']","['PAT', 'PAT', 'PAT', 'PAT', 'PAT', 'PAT', 'O']",308
168,506,"['Миндалины', 'разрыхлены', 'и', 'выступают', 'за', 'края', 'дужек', '.']","['PAT', 'PAT', 'PAT', 'PAT', 'PAT', 'PAT', 'PAT', 'O']",298
186,413,"['Язык', 'обложен', 'беловатым', 'налѐтом', '.']","['PAT', 'PAT', 'PAT', 'PAT', 'O']",293
192,193,"['Носовое', 'дыхание', 'затруднено', ',', 'обильные', 'серозно-слизистые', 'выделения', 'из', 'носовых', 'ходов', '.']","['PAT', 'PAT', 'PAT', 'O', 'PAT', 'PAT', 'PAT', 'PAT', 'PAT', 'PAT', 'O']",281
194,145,"['Составьте', 'и', 'обоснуйте', 'план', 'дополнительного', 'обследования', 'пациента', '.']","['O', 'O', 'O', 'O', 'O', 'O', 'O', 'O']",278
198,16,"['Какие', 'методы', 'диагностики', 'необходимо', 'провести', '?']","['O', 'O', 'O', 'O', 'O', 'O']",270
199,328,"['Постоянно', 'принимает', 'Атенолол', '50', 'мг', 'в', 'сутки', ',', 'Гидрохлортиазид', '25', 'мг', 'в', 'сутки', '.']","['O', 'O', 'O', 'O', 'O', 'O', 'O', 'O', 'O', 'O', 'O', 'O', 'O', 'O']",290
204,200,"['Живот', 'мягкий', ',', 'безболезненный', '.']","['PHY', 'PHY', 'O', 'PHY', 'O']",281
206,693,"['Какое', 'лечение', 'следует', 'назначить', 'данному', 'больному', '?']","['O', 'O', 'O', 'O', 'O', 'O', 'O']",308
216,526,"['Указать', 'рекомендованный', 'срок', 'постельного', 'режима', 'и', 'временной', 'нетрудоспособности', 'при', 'данном', 'заболевании', '.']","['O', 'O', 'O', 'O', 'O', 'O', 'O', 'O', 'O', 'O', 'O', 'O']",299
218,28,"['Каковы', 'будут', 'Ваши', 'дальнейшие', 'рекомендации', 'по', 'лечению', '?']","['O', 'O', 'O', 'O', 'O', 'O', 'O', 'O']",271
222,385,"['Нѐбные', 'миндалины', 'покрыты', 'беловатым', 'налѐтом', ',', 'гиперемированы', '.']","['PAT', 'PAT', 'PAT', 'PAT', 'PAT', 'O', 'PAT', 'O']",292
226,753,"['Какие', 'симптомы', 'являются', 'обязательными', 'для', 'данного', 'заболевания', '?']","['O', 'O', 'O', 'O', 'O', 'O', 'O', 'O']",312
231,780,"['Поставьте', 'наиболее', 'вероятный', 'диагноз', '.']","['O', 'O', 'O', 'O', 'O']",314
233,144,"['Обоснуйте', 'поставленный', 'Вами', 'диагноз', '.']","['O', 'O', 'O', 'O', 'O']",278
235,219,"['Сформулируйте', 'и', 'обоснуйте', 'предварительный', 'диагноз', '.']","['O', 'O', 'O', 'O', 'O', 'O']",282
238,345,"['Предположите', 'наиболее', 'вероятный', 'диагноз', '.']","['O', 'O', 'O', 'O', 'O']",290
241,666,"['Поставьте', 'наиболее', 'вероятный', 'диагноз', '.']","['O', 'O', 'O', 'O', 'O']",307
244,233,"['Объективно', ':', 'состояние', 'средней', 'тяжести', ',', 'лицо', 'гиперемировано', ',', 'склеры', 'инъецированы', ',', 'лимфатические', 'узлы', 'не', 'увеличены', '.']","['O', 'O', 'O', 'O', 'O', 'O', 'PAT', 'PAT', 'O', 'PAT', 'PAT', 'O', 'PHY', 'PHY', 'PHY', 'PHY', 'O']",284
247,494,"[',', 'СОЭ', '–', '16', 'мм', '/', 'час', ';', 'нейтрофилы', '–', '65,2%', ',', 'лимфоциты', '–', '21,3%', ',', 'эозинофилы', '–', '3,1%', ',', 'моноциты', '–', '10%', ',', 'базофилы', '–', '0,4%', '.']","['O', 'PAT', 'PAT', 'PAT', 'PAT', 'PAT', 'PAT', 'O', 'PHY', 'PHY', 'PHY', 'O', 'PHY', 'PHY', 'PHY', 'O', 'PHY', 'PHY', 'PHY', 'O', 'PAT', 'PAT', 'PAT', 'O', 'PHY', 'PHY', 'PHY', 'O']",297
250,684,"['Грудная', 'клетка', 'эмфизематозна', ',', 'перкуторный', 'звук', 'коробочный', '.']","['PAT', 'PAT', 'PAT', 'O', 'PAT', 'PAT', 'PAT', 'O']",308
254,91,"['Печень', 'и', 'селезѐнка', 'не', 'увеличены', '.']","['PHY', 'O', 'PHY', 'PHY', 'PHY', 'O']",276
266,676,"['Приступы', 'обычно', 'купировались', 'ингаляциями', 'Беротека', ',', 'таблетками', 'Теофиллина', '.']","['O', 'O', 'O', 'O', 'O', 'O', 'O', 'O', 'O']",308
275,105,"['Объективно', ':', 'состояние', 'средней', 'степени', 'тяжести', ',', 'сознание', 'ясное', '.']","['O', 'O', 'O', 'O', 'O', 'O', 'O', 'PHY', 'PHY', 'O']",277
279,195,"['Выявлены', 'умеренная', 'гиперемия', 'дужек', ',', 'язычка', ',', 'миндалин', 'и', 'умеренная', 'гиперемия', 'и', 'зернистость', 'задней', 'стенки', 'глотки', '.']","['O', 'O', 'PAT', 'PAT', 'O', 'PAT', 'O', 'PAT', 'O', 'PAT', 'PAT', 'PAT', 'PAT', 'PAT', 'PAT', 'PAT', 'O']",281
286,30,"['СЗ_Лечебное', 'дело', '(', 'ч', '.4', ')', '–', '2017', '336', 'СИТУАЦИОННАЯ', 'ЗАДАЧА', '272', '[', 'K000307', ']', 'Инструкция', ':', 'ОЗНАКОМЬТЕСЬ', 'С', 'СИТУАЦИЕЙ', 'И', 'ДАЙТЕ', 'РАЗВЕРНУТЫЕ', 'ОТВЕТЫ', 'НА', 'ВОПРОСЫ', 'Основная', 'часть', 'У', 'больной', '35', 'лет', ',', 'находившейся', 'на', 'лечении', 'в', 'урологическом', 'отделении', 'по', 'поводу', 'мочекаменной', 'болезни', ',', 'повысилась', 'температура', 'до', '39', 'ºС', ',', 'озноб', ',', 'симптом', 'поколачивания', 'резко', 'положительный', '.']","['O', 'O', 'O', 'O', 'O', 'O', 'O', 'O', 'O', 'O', 'O', 'O', 'O', 'O', 'O', 'O', 'O', 'O', 'O', 'O', 'O', 'O', 'O', 'O', 'O', 'O', 'O', 'O', 'O', 'O', 'O', 'O', 'O', 'O', 'O', 'O', 'O', 'O', 'O', 'O', 'O', 'O', 'O', 'O', 'PAT', 'PAT', 'PAT', 'PAT', 'PAT', 'O', 'PAT', 'O', 'PAT', 'PAT', 'PAT', 'PAT', 'O']",272
287,634,"['Какие', 'симптомы', 'являются', 'обязательными', 'для', 'данного', 'заболевания', '?']","['O', 'O', 'O', 'O', 'O', 'O', 'O', 'O']",305
295,585,"[',', 'акцент', 'II', 'тона', 'над', 'аортой', '.']","['O', 'PAT', 'PAT', 'PAT', 'PAT', 'PAT', 'O']",303
307,775,"['Язык', 'влажный', ',', 'чистый', '.']","['PHY', 'PHY', 'O', 'PHY', 'O']",314
311,269,"['Известно', ',', 'что', '«', 'желтухой', '»', 'заболели', 'ещѐ', 'несколько', 'человек', 'по', 'месту', 'учѐбы', '.']","['O', 'O', 'O', 'O', 'O', 'O', 'O', 'O', 'O', 'O', 'O', 'O', 'O', 'O']",286
316,190,"['Заболевание', 'связывает', 'с', 'переохлаждением', '.']","['O', 'O', 'O', 'O', 'O']",281
319,655,"['Днѐм', 'переохладился', ',', 'вечером', 'внезапно', 'почувствовал', 'озноб', ',', 'общую', 'слабость', '.']","['O', 'O', 'O', 'O', 'O', 'O', 'PAT', 'O', 'PAT', 'PAT', 'O']",307
331,301,"['Пульс', '–', '52', 'уд', '/', 'мин', ',', 'АД', '–', '110', '/', '60', 'мм', 'рт', '.']","['PAT', 'PAT', 'PAT', 'PAT', 'PAT', 'PAT', 'O', 'PAT', 'PAT', 'PAT', 'PAT', 'PAT', 'PAT', 'PAT', 'PAT']",288
336,61,"['СЗ_Лечебное', 'дело', '(', 'ч', '.4', ')', '–', '2017', '339', 'СИТУАЦИОННАЯ', 'ЗАДАЧА', '275', '[', 'K000314', ']', 'Инструкция', ':', 'ОЗНАКОМЬТЕСЬ', 'С', 'СИТУАЦИЕЙ', 'И', 'ДАЙТЕ', 'РАЗВЕРНУТЫЕ', 'ОТВЕТЫ', 'НА', 'ВОПРОСЫ', 'Основная', 'часть', 'Больной', 'К', '.']","['O', 'O', 'O', 'O', 'O', 'O', 'O', 'O', 'O', 'O', 'O', 'O', 'O', 'O', 'O', 'O', 'O', 'O', 'O', 'O', 'O', 'O', 'O', 'O', 'O', 'O', 'O', 'O', 'O', 'O', 'O']",275
348,444,"['Живот', 'напряжѐнный', ',', 'резко', 'болезненный', 'локально', 'в', 'зоне', 'Шофара', '.']","['PAT', 'PAT', 'O', 'PAT', 'PAT', 'PAT', 'PAT', 'PAT', 'PAT', 'O']",294
351,74,"['СЗ_Лечебное', 'дело', '(', 'ч', '.4', ')', '–', '2017', '340', 'СИТУАЦИОННАЯ', 'ЗАДАЧА', '276', '[', 'K000317', ']', 'Инструкция', ':', 'ОЗНАКОМЬТЕСЬ', 'С', 'СИТУАЦИЕЙ', 'И', 'ДАЙТЕ', 'РАЗВЕРНУТЫЕ', 'ОТВЕТЫ', 'НА', 'ВОПРОСЫ', 'Основная', 'часть', 'Больная', 'В', '.']","['O', 'O', 'O', 'O', 'O', 'O', 'O', 'O', 'O', 'O', 'O', 'O', 'O', 'O', 'O', 'O', 'O', 'O', 'O', 'O', 'O', 'O', 'O', 'O', 'O', 'O', 'O', 'O', 'O', 'O', 'O']",276
356,22,"['Оба', 'препарата', 'больная', 'принимала', 'одновременно', '.']","['O', 'O', 'O', 'O', 'O', 'O']",271
357,357,"['Объективно', ':', 'состояние', 'удовлетворительное', '.']","['O', 'O', 'O', 'O', 'O']",291
362,708,"['Какие', 'симптомы', 'являются', 'обязательными', 'для', 'данного', 'заболевания', '?']","['O', 'O', 'O', 'O', 'O', 'O', 'O', 'O']",309
365,559,"['Какие', 'методы', 'исследования', 'необходимы', 'в', 'данном', 'случае', '?']","['O', 'O', 'O', 'O', 'O', 'O', 'O', 'O']",301
368,159,"['Пульс', '–', '116', 'уд', '/', 'мин', ',', 'ритмичный', ',', 'АД', '–', '130', '/', '90', 'мм', 'рт', '.']","['PAT', 'PAT', 'PAT', 'PAT', 'PAT', 'PAT', 'O', 'PHY', 'O', 'PAT', 'PAT', 'PAT', 'PAT', 'PAT', 'PAT', 'PAT', 'PAT']",279
370,250,"['Язык', 'обложен', 'густым', 'серым', 'налѐтом', 'у', 'корня', ',', 'на', 'боковых', 'поверхностях', 'отпечатки', 'зубов', '.']","['PAT', 'PAT', 'PAT', 'PAT', 'PAT', 'PAT', 'PAT', 'O', 'PAT', 'PAT', 'PAT', 'PAT', 'PAT', 'O']",285
380,405,"['65', 'лет', ',', 'пенсионер', '.']","['O', 'O', 'O', 'O', 'O']",293
394,222,"['СЗ_Лечебное', 'дело', '(', 'ч', '.4', ')', '–', '2017', '347', 'СИТУАЦИОННАЯ', 'ЗАДАЧА', '283', '[', 'K000345', ']', 'Инструкция', ':', 'ОЗНАКОМЬТЕСЬ', 'С', 'СИТУАЦИЕЙ', 'И', 'ДАЙТЕ', 'РАЗВЕРНУТЫЕ', 'ОТВЕТЫ', 'НА', 'ВОПРОСЫ', 'Основная', 'часть', 'Больная', 'Б', '.']","['O', 'O', 'O', 'O', 'O', 'O', 'O', 'O', 'O', 'O', 'O', 'O', 'O', 'O', 'O', 'O', 'O', 'O', 'O', 'O', 'O', 'O', 'O', 'O', 'O', 'O', 'O', 'O', 'O', 'O', 'O']",283
406,220,"['Назовите', 'заболевания', ',', 'с', 'которыми', 'необходимо', 'провести', 'дифференциальную', 'диагностику', '.']","['O', 'O', 'O', 'O', 'O', 'O', 'O', 'O', 'O', 'O']",282
409,722,"['С', 'какими', 'заболеваниями', 'следует', 'провести', 'дифференциальный', 'диагноз', '?']","['O', 'O', 'O', 'O', 'O', 'O', 'O', 'O']",310
420,294,"['В', 'течение', 'этого', 'времени', 'температура', 'тела', 'держалась', 'в', 'пределах', '37,2', '–', '37,5', '°', 'С', ',', 'болели', 'крупные', 'суставы', ',', 'исчез', 'аппетит', ',', 'в', 'последние', '2', 'дня', '–', 'тѐмная', 'моча', ',', 'желтушность', 'склер', 'и', 'кожи', '.']","['O', 'O', 'O', 'O', 'PAT', 'PAT', 'PAT', 'PAT', 'PAT', 'PAT', 'PAT', 'PAT', 'PAT', 'PAT', 'O', 'PAT', 'PAT', 'PAT', 'O', 'PAT', 'PAT', 'O', 'O', 'O', 'O', 'O', 'O', 'PAT', 'PAT', 'O', 'PAT', 'PAT', 'PAT', 'PAT', 'O']",288
425,321,"['Дайте', 'этиологическую', 'характеристику', 'возбудителю', ',', 'предположительно', 'вызвавшему', 'заболевание', ',', 'назовите', 'источники', 'инфекции', 'и', 'пути', 'заражения', '.']","['O', 'O', 'O', 'O', 'O', 'O', 'O', 'O', 'O', 'O', 'O', 'O', 'O', 'O', 'O', 'O']",289
430,398,"['Предположите', 'наиболее', 'вероятный', 'диагноз', '.']","['O', 'O', 'O', 'O', 'O']",292
444,364,"['Живот', 'мягкий', 'безболезненный', ',', 'печень', 'по', 'краю', 'рѐберной', 'дуги', '.']","['PHY', 'PHY', 'PHY', 'O', 'PHY', 'PHY', 'PHY', 'PHY', 'PHY', 'O']",291
460,245,"['При', 'осмотре', 'врачом-терапевтом', 'участковым', 'на', '7', 'день', 'болезни', '–', 'состояние', 'средней', 'тяжести', ',', 'температура', '38,4', '°', 'С', ',', 'вялый', ',', 'адинамичный', '.']","['O', 'O', 'O', 'O', 'O', 'O', 'O', 'O', 'O', 'O', 'O', 'O', 'O', 'PAT', 'PAT', 'PAT', 'PAT', 'O', 'PAT', 'O', 'PAT', 'O']",285
464,737,"['Какие', 'методы', 'исследования', 'необходимы', 'в', 'данном', 'случае', '?']","['O', 'O', 'O', 'O', 'O', 'O', 'O', 'O']",311
467,60,"['Каковы', 'меры', 'по', 'борьбе', 'с', 'гиперлипидемией', 'у', 'больного', '?']","['O', 'O', 'O', 'O', 'O', 'O', 'O', 'O', 'O']",274
469,552,"['Симптом', 'поколачивания', 'справа', 'слабо', 'положительный', '.']","['PAT', 'PAT', 'PAT', 'PAT', 'PAT', 'O']",301
470,762,"['ЧСС', '–', '78', 'ударов', 'в', 'минуту', '.']","['PHY', 'PHY', 'PHY', 'PHY', 'PHY', 'PHY', 'O']",313
475,253,"['Предположите', 'наиболее', 'вероятный', 'диагноз', '.']","['O', 'O', 'O', 'O', 'O']",285
476,531,"['При', 'осмотре', ':', 'состояние', 'удовлетворительное', '.']","['O', 'O', 'O', 'O', 'O', 'O']",300
477,420,"['Клинический', 'анализ', 'крови', ':', 'гемоглобин', '–', '126', 'г', '/', 'л', ';', 'эритроциты', '–', '4,2', '×', '1012', '/', 'л', ';', 'лейкоциты', '–', '10,9', '×', '10', '9', '/', 'л', ';', 'палочкоядерные', '–', '10%', ',', 'сегментоядерные', '–', '77%', ';', 'СОЭ', '–', '30', 'мм', '/', 'час', '.']","['O', 'O', 'O', 'O', 'PHY', 'PHY', 'PHY', 'PHY', 'PHY', 'PHY', 'O', 'PHY', 'PHY', 'PHY', 'PHY', 'PHY', 'PHY', 'PHY', 'O', 'PAT', 'PAT', 'PAT', 'PAT', 'PAT', 'PAT', 'PAT', 'PAT', 'O', 'PAT', 'PAT', 'PAT', 'O', 'PAT', 'PAT', 'PAT', 'O', 'PAT', 'PAT', 'PAT', 'PAT', 'PAT', 'PAT', 'O']",293
480,670,"['Какие', 'симптомы', 'являются', 'обязательными', 'для', 'данного', 'заболевания', '?']","['O', 'O', 'O', 'O', 'O', 'O', 'O', 'O']",307
482,470,"['Укажите', 'комбинацию', 'лекарственных', 'препаратов', ',', 'сочетание', 'которых', 'усиливает', 'риск', 'брадикардии', 'и', 'АВ-блокады', '.']","['O', 'O', 'O', 'O', 'O', 'O', 'O', 'O', 'O', 'O', 'O', 'O', 'O']",295
483,759,"['В', 'лѐгких', 'дыхание', 'везикулярное', ',', 'хрипов', 'нет', '.']","['O', 'O', 'PHY', 'PHY', 'O', 'PHY', 'PHY', 'O']",313
487,641,"['Состояние', 'средней', 'тяжести', ',', 'слева', 'над', 'проекцией', 'нижней', 'доли', 'определяется', 'крепитация', ',', 'частота', 'дыхательных', 'движений', '(', 'ЧДД', ')', '–', '26', 'в', 'минуту', ',', 'АД', '–', '110', '/', '70', 'мм', 'рт', '.']","['O', 'O', 'O', 'O', 'PAT', 'PAT', 'PAT', 'PAT', 'PAT', 'PAT', 'PAT', 'O', 'PAT', 'PAT', 'PAT', 'PAT', 'PAT', 'PAT', 'PAT', 'PAT', 'PAT', 'PAT', 'O', 'PHY', 'PHY', 'PHY', 'PHY', 'PHY', 'PHY', 'PHY', 'PHY']",306
489,99,"['27', 'лет', 'обратился', 'к', 'врачу-терапевту', 'участковому', 'на', '2', 'день', 'болезни', 'с', 'жалобами', 'на', 'сильную', 'головную', 'боль', 'в', 'лобной', 'области', ',', 'боли', 'в', 'глазных', 'яблоках', ',', 'мышцах', 'и', 'суставах', ',', 'общую', 'слабость', ',', 'отсутствие', 'аппетита', ',', 'частый', 'сухой', 'кашель', ',', 'заложенность', 'носа', 'и', 'незначительные', 'выделения', 'из', 'носа', ',', 'чувство', 'першения', 'и', 'царапанье', 'за', 'грудиной', '.']","['O', 'O', 'O', 'O', 'O', 'O', 'O', 'O', 'O', 'O', 'O', 'O', 'O', 'PAT', 'PAT', 'PAT', 'PAT', 'PAT', 'PAT', 'O', 'PAT', 'PAT', 'PAT', 'PAT', 'O', 'PAT', 'O', 'PAT', 'O', 'PAT', 'PAT', 'O', 'PAT', 'PAT', 'O', 'PAT', 'PAT', 'PAT', 'O', 'PAT', 'PAT', 'O', 'PAT', 'PAT', 'PAT', 'PAT', 'O', 'PAT', 'PAT', 'PAT', 'PAT', 'PAT', 'PAT', 'O']",277
490,588,"['Анализ', 'крови', ':', 'Нв', '–', '110', 'г', '/', 'л', ',', 'лейкоциты', '–', '5,4', '×', '10', '9', '/', 'л', ',', 'СОЭ', '–', '12', 'мм', '/', 'ч', '.']","['O', 'O', 'O', 'PAT', 'PAT', 'PAT', 'PAT', 'PAT', 'PAT', 'O', 'PHY', 'PHY', 'PHY', 'PHY', 'PHY', 'PHY', 'PHY', 'PHY', 'O', 'PHY', 'PHY', 'PHY', 'PHY', 'PHY', 'PHY', 'O']",303
492,227,"['Пульс', '–', '94', 'уд', '/', 'мин', ',', 'ритмичный', ',', 'удовлетворительного', 'наполнения', '.']","['PAT', 'PAT', 'PAT', 'PAT', 'PAT', 'PAT', 'O', 'PHY', 'O', 'PHY', 'PHY', 'O']",283
500,616,"['С', 'какими', 'заболеваниями', 'проводится', 'дифференциальный', 'диагноз', '?']","['O', 'O', 'O', 'O', 'O', 'O', 'O']",304
508,197,"['В', 'лѐгких', 'при', 'аускультации', 'жѐсткое', 'дыхание', ',', 'хрипы', 'не', 'выслушиваются', '.']","['O', 'O', 'O', 'O', 'PAT', 'PAT', 'O', 'PHY', 'PHY', 'PHY', 'O']",281
509,151,"['Отмечал', 'светобоязнь', ',', 'лежал', 'с', 'закрытыми', 'глазами', ',', 'просил', 'выключить', 'телевизор', '.']","['PAT', 'PAT', 'O', 'O', 'O', 'O', 'O', 'O', 'O', 'O', 'O', 'O']",279
516,718,"['ЭКГ', ':', 'ритм', 'синусовый', ',', 'смещение', 'сегмента', 'SТ', 'в', 'I', 'и', 'II', 'отведениях', 'ниже', 'изолинии', ',', 'сливается', 'с', 'зубцом', 'Т', ',', 'в', 'III', 'отведении', 'сегмент', 'SТ', 'ниже', 'изолинии', ',', 'патологический', 'зубец', 'Q', 'не', 'выявляется', '.']","['O', 'O', 'PHY', 'PHY', 'O', 'PAT', 'PAT', 'PAT', 'PAT', 'PAT', 'PAT', 'PAT', 'PAT', 'PAT', 'PAT', 'PAT', 'PAT', 'PAT', 'PAT', 'PAT', 'O', 'PAT', 'PAT', 'PAT', 'PAT', 'PAT', 'PAT', 'PAT', 'O', 'PHY', 'PHY', 'PHY', 'PHY', 'PHY', 'O']",310
521,122,"['с', 'жалобами', 'на', 'плохой', 'аппетит', ',', 'ноющие', 'боли', 'в', 'правом', 'подреберье', ',', 'потемнение', 'мочи', ',', 'желтушную', 'окраску', 'кожи', 'и', 'склер', '.']","['O', 'O', 'O', 'PAT', 'PAT', 'O', 'PAT', 'PAT', 'PAT', 'PAT', 'PAT', 'O', 'PAT', 'PAT', 'O', 'PAT', 'PAT', 'PAT', 'O', 'PAT', 'O']",278
527,515,"['СЗ_Лечебное', 'дело', '(', 'ч', '.4', ')', '–', '2017', '366', 'СИТУАЦИОННАЯ', 'ЗАДАЧА', '299', '[', 'K002694', ']', 'Инструкция', ':', 'ОЗНАКОМЬТЕСЬ', 'С', 'СИТУАЦИЕЙ', 'И', 'ДАЙТЕ', 'РАЗВЕРНУТЫЕ', 'ОТВЕТЫ', 'НА', 'ВОПРОСЫ', 'Основная', 'часть', 'Больной', '24', 'лет', 'жалуется', 'на', 'сильные', 'головные', 'боли', ',', 'боли', 'при', 'глотании', ',', 'иррадиирующие', 'в', 'оба', 'уха', ',', 'боли', 'в', 'суставах', 'конечностей', 'и', 'пояснице', '.']","['O', 'O', 'O', 'O', 'O', 'O', 'O', 'O', 'O', 'O', 'O', 'O', 'O', 'O', 'O', 'O', 'O', 'O', 'O', 'O', 'O', 'O', 'O', 'O', 'O', 'O', 'O', 'O', 'O', 'O', 'O', 'O', 'O', 'O', 'PAT', 'PAT', 'O', 'PAT', 'PAT', 'PAT', 'PAT', 'PAT', 'PAT', 'PAT', 'PAT', 'O', 'PAT', 'PAT', 'PAT', 'PAT', 'PAT', 'PAT', 'O']",299
529,154,"['При', 'поступлении', 'состояние', 'тяжѐлое', ',', 'сознание', 'затемнено', '.']","['O', 'O', 'O', 'O', 'O', 'PAT', 'PAT', 'O']",279
544,393,"['Биохимический', 'анализ', 'крови', ':', 'АЛТ', '–', '58', 'ед', '/', 'л', ';', 'АСТ', '–', '100', 'ед', '/', 'л', ';', 'креатинин', '–', '115', 'мкмоль', '/', 'л', ';', 'фибриноген', '–', '8', 'г', '/', 'л', '.']","['O', 'O', 'O', 'O', 'PAT', 'PAT', 'PAT', 'PAT', 'PAT', 'PAT', 'O', 'PAT', 'PAT', 'PAT', 'PAT', 'PAT', 'PAT', 'O', 'PAT', 'PAT', 'PAT', 'PAT', 'PAT', 'PAT', 'O', 'PAT', 'PAT', 'PAT', 'PAT', 'PAT', 'PAT', 'O']",292
546,286,"['Установите', 'предварительный', 'диагноз', 'на', 'основании', 'полученных', 'данных', ',', 'с', 'учѐтом', 'синдромального', 'подхода', ',', 'и', 'обоснуйте', 'его', '.']","['O', 'O', 'O', 'O', 'O', 'O', 'O', 'O', 'O', 'O', 'O', 'O', 'O', 'O', 'O', 'O', 'O']",287
551,50,"['Бисопролол', 'также', 'обладает', 'отрицательным', 'инотропным', 'действием', ',', 'будет', 'ли', 'латентная', 'сердечная', 'недостаточность', 'противопоказанием', 'к', 'применению', 'Бисопролола', '?']","['O', 'O', 'O', 'O', 'O', 'O', 'O', 'O', 'O', 'O', 'O', 'O', 'O', 'O', 'O', 'O', 'O']",273
557,532,"['В', 'лѐгких', 'дыхание', 'везикулярное', ',', 'хрипов', 'нет', '.']","['O', 'O', 'PHY', 'PHY', 'O', 'PHY', 'PHY', 'O']",300
560,589,"['Общий', 'анализ', 'мочи', ':', 'относительная', 'плотность', '1,008', 'г', '/', 'л', ',', 'белок', '–', '0,066', 'г', '/', 'л', ',', 'лейкоциты', '–', '3', '–', '4', 'в', 'поле', 'зрения', ',', 'цилиндры', '–', 'до', '15', 'в', 'поле', 'зрения', ',', 'кристаллы', 'мочевой', 'кислоты', '.']","['O', 'O', 'O', 'O', 'PHY', 'PHY', 'PHY', 'PHY', 'PHY', 'PHY', 'O', 'PHY', 'PHY', 'PHY', 'PHY', 'PHY', 'PHY', 'O', 'PHY', 'PHY', 'PHY', 'PHY', 'PHY', 'PHY', 'PHY', 'PHY', 'O', 'PAT', 'PAT', 'PAT', 'PAT', 'PAT', 'PAT', 'PAT', 'O', 'PAT', 'PAT', 'PAT', 'O']",303
562,152,"['Вечером', 'была', 'дважды', 'рвота', ',', 'сохранялась', '«', 'пульсирующая', '»', 'головная', 'боль', '.']","['O', 'O', 'O', 'PAT', 'O', 'O', 'PAT', 'PAT', 'PAT', 'PAT', 'PAT', 'O']",279
564,349,"['Правильно', 'ли', 'назначена', 'комбинация', 'бета', '-', 'блокатор', 'и', 'диуретик', '?']","['O', 'O', 'O', 'O', 'O', 'O', 'O', 'O', 'O', 'O']",290
574,232,"['44', 'лет', 'предъявляет', 'жалобы', 'на', 'головную', 'боль', ',', 'боль', 'в', 'глазных', 'яблоках', ',', 'ломоту', 'в', 'теле', ',', 'повышение', 'температуры', 'тела', 'до', '39', '°', 'С', ',', 'сухой', 'кашель', ',', 'заложенность', 'носа', '.']","['O', 'O', 'O', 'O', 'PAT', 'PAT', 'PAT', 'O', 'PAT', 'PAT', 'PAT', 'PAT', 'O', 'PAT', 'PAT', 'PAT', 'O', 'PAT', 'PAT', 'PAT', 'PAT', 'PAT', 'PAT', 'PAT', 'O', 'PAT', 'PAT', 'O', 'PAT', 'PAT', 'O']",284
577,184,"['Состояние', 'и', 'самочувствие', 'хорошее', '.']","['O', 'O', 'O', 'O', 'O']",280
578,471,"['Перечислите', 'методы', 'контроля', 'безопасности', 'фармакотерапии', '.']","['O', 'O', 'O', 'O', 'O', 'O']",295
589,508,"['Клинический', 'анализ', 'крови', ':', 'лейкоциты', '–', '10,8', '×', '10', '9', '/', 'л', '.']","['O', 'O', 'O', 'O', 'PAT', 'PAT', 'PAT', 'PAT', 'PAT', 'PAT', 'PAT', 'PAT', 'O']",298
591,781,"['Какие', 'методы', 'исследования', 'необходимы', 'в', 'данном', 'случае', '?']","['O', 'O', 'O', 'O', 'O', 'O', 'O', 'O']",314
592,477,"['В', 'течение', 'последующих', '3', 'дней', 'появились', 'жалобы', 'на', 'сухой', 'кашель', ',', 'боли', 'и', 'тяжесть', 'в', 'правой', 'половине', 'грудной', 'клетки', ',', 'температура', 'в', 'пределах', '38', '–', '38,7', '°', 'С', '.']","['O', 'O', 'O', 'O', 'O', 'O', 'O', 'O', 'PAT', 'PAT', 'O', 'PAT', 'PAT', 'PAT', 'PAT', 'PAT', 'PAT', 'PAT', 'PAT', 'O', 'PAT', 'PAT', 'PAT', 'PAT', 'PAT', 'PAT', 'PAT', 'PAT', 'O']",296
599,369,"['Микроальбуминурия', ':', '25', 'мг', '/', 'сут', 'ЭКГ', ':', 'ритм', 'синусовый', ',', 'признаки', 'гипертрофии', 'миокарда', 'ЛЖ', ',', 'очаговых', 'изменений', 'нет', '.']","['PHY', 'PHY', 'PHY', 'PHY', 'PHY', 'PHY', 'O', 'O', 'PHY', 'PHY', 'O', 'PAT', 'PAT', 'PAT', 'PAT', 'O', 'PHY', 'PHY', 'PHY', 'O']",291
607,140,"['Поколачивание', 'по', 'поясничной', 'области', 'отрицательное', 'с', 'обеих', 'сторон', '.']","['PHY', 'PHY', 'PHY', 'PHY', 'PHY', 'PHY', 'PHY', 'PHY', 'O']",278
609,647,"['Поставьте', 'наиболее', 'вероятный', 'диагноз', '.']","['O', 'O', 'O', 'O', 'O']",306
622,10,"['Голос', 'имеет', 'гнусавый', 'оттенок', ',', 'открывание', 'рта', 'затруднено', '.']","['PAT', 'PAT', 'PAT', 'PAT', 'O', 'PAT', 'PAT', 'PAT', 'O']",270
623,107,"['На', 'теле', 'сыпи', 'нет', '.']","['PHY', 'PHY', 'PHY', 'PHY', 'O']",277
629,742,"['Брат', 'больного', 'умер', 'внезапно', 'в', 'молодом', 'возрасте', '.']","['O', 'O', 'O', 'O', 'O', 'O', 'O', 'O']",312
632,431,"['Составьте', 'и', 'обоснуйте', 'план', 'дополнительного', 'обследования', 'пациента', '.']","['O', 'O', 'O', 'O', 'O', 'O', 'O', 'O']",293
636,702,"['ЭКГ', ':', 'правограмма', ',', 'глубокий', 'зубец', 'S', 'в', 'I', 'отведении', ',', 'зубец', 'Q', 'в', 'III', 'отведении', ',', 'глубиной', '1', '/', '3', 'зубца', 'R', 'и', 'продолжительностью', '0,02', 'секунды', '.']","['O', 'O', 'PAT', 'O', 'PAT', 'PAT', 'PAT', 'PAT', 'PAT', 'PAT', 'O', 'PAT', 'PAT', 'PAT', 'PAT', 'PAT', 'PAT', 'PAT', 'PAT', 'PAT', 'PAT', 'PAT', 'PAT', 'PAT', 'PAT', 'PAT', 'PAT', 'O']",309
637,281,"['Пальпация', 'в', 'проекции', 'этого', 'образования', 'безболезненная', '.']","['PHY', 'PHY', 'PHY', 'PHY', 'PHY', 'PHY', 'O']",287
643,379,"['Обратился', 'в', 'поликлинику', 'к', 'врачу-терапевту', 'участковому', 'с', 'жалобами', 'на', 'повышение', 'температуры', 'до', '38,0', 'ºС', ',', 'кашель', 'с', 'обильной', 'слизисто-гнойной', 'мокротой', ',', 'неинтенсивные', 'боли', 'в', 'грудной', 'клетке', 'при', 'кашле', ',', 'головную', 'боль', ',', 'слабость', ',', 'в', 'конечностях', ',', 'потливость', '.']","['O', 'O', 'O', 'O', 'O', 'O', 'O', 'O', 'O', 'PAT', 'PAT', 'PAT', 'PAT', 'PAT', 'O', 'PAT', 'PAT', 'PAT', 'PAT', 'PAT', 'O', 'PAT', 'PAT', 'PAT', 'PAT', 'PAT', 'PAT', 'PAT', 'O', 'PAT', 'PAT', 'O', 'PAT', 'PAT', 'PAT', 'PAT', 'O', 'PAT', 'O']",292
645,569,"['Тоны', 'сердца', 'ясные', ',', 'ритмичные', '.']","['PHY', 'PHY', 'PHY', 'O', 'PHY', 'O']",302
648,403,"['Какова', 'Ваша', 'дальнейшая', 'лечебная', 'тактика', '?']","['O', 'O', 'O', 'O', 'O', 'O']",292
651,468,"['Оцените', 'адекватность', 'выбранной', 'диуретической', 'терапии', 'тяжести', 'состояния', 'пациента', '.']","['O', 'O', 'O', 'O', 'O', 'O', 'O', 'O', 'O']",295
656,180,"['Обоснуйте', 'поставленный', 'Вами', 'диагноз', '.']","['O', 'O', 'O', 'O', 'O']",280
658,259,"['18', 'лет', 'вызвал', 'врача', 'на', 'дом', 'по', 'поводу', 'жалоб', 'на', 'слабость', ',', 'повышенную', 'температуру', 'тела', '.']","['O', 'O', 'O', 'O', 'O', 'O', 'O', 'O', 'O', 'PAT', 'PAT', 'O', 'PAT', 'PAT', 'PAT', 'O']",286
661,734,"['При', 'аускультации', 'сердца', 'ритм', 'правильный', ',', '88', 'в', 'минуту', ',', 'хлопающий', '1', 'тон', 'и', 'щелчок', 'открытия', 'митрального', 'клапана', 'на', 'верхушке', ',', 'акцент', '2', 'тона', 'на', 'лѐгочной', 'артерии', ',', 'диастолический', 'шум', 'с', 'пресистолическим', 'усилением', 'на', 'верхушке', 'и', 'в', '5', 'точке', '.']","['O', 'O', 'O', 'PHY', 'PHY', 'O', 'PHY', 'PHY', 'PHY', 'O', 'PAT', 'PAT', 'PAT', 'PAT', 'PAT', 'PAT', 'PAT', 'PAT', 'PAT', 'PAT', 'O', 'PAT', 'PAT', 'PAT', 'PAT', 'PAT', 'PAT', 'O', 'PAT', 'PAT', 'PAT', 'PAT', 'PAT', 'PAT', 'PAT', 'PAT', 'PAT', 'PAT', 'PAT', 'O']",311
662,0,"['СЗ_Лечебное', 'дело', '(', 'ч', '.4', ')', '–', '2017', '334', 'СИТУАЦИОННЫЕ', 'ЗАДАЧИ', '(', 'часть', '4', ')', 'для', 'первичной', 'аккредитации', 'выпускников', ',', 'завершающих', 'в', '2017', 'году', 'подготовку', 'по', 'образовательной', 'программе', 'высшего', 'медицинского', 'образования', 'в', 'соответствии', 'с', 'федеральным', 'государственным', 'образовательным', 'стандартом', 'по', 'специальности', '«', 'Лечебное', 'дело', '»', 'СИТУАЦИОННАЯ', 'ЗАДАЧА', '270', '[', 'K000058', ']', 'Инструкция', ':', 'ОЗНАКОМЬТЕСЬ', 'С', 'СИТУАЦИЕЙ', 'И', 'ДАЙТЕ', 'РАЗВЕРНУТЫЕ', 'ОТВЕТЫ', 'НА', 'ВОПРОСЫ', 'Основная', 'часть', 'Больная', '39', 'лет', 'обратилась', 'в', 'поликлинику', 'с', 'жалобами', 'на', 'боли', 'в', 'горле', 'при', 'глотании', ',', 'першение', ',', 'повышение', 'температуры', 'тела', 'до', '37,5', 'ºС', '.']","['O', 'O', 'O', 'O', 'O', 'O', 'O', 'O', 'O', 'O', 'O', 'O', 'O', 'O', 'O', 'O', 'O', 'O', 'O', 'O', 'O', 'O', 'O', 'O', 'O', 'O', 'O', 'O', 'O', 'O', 'O', 'O', 'O', 'O', 'O', 'O', 'O', 'O', 'O', 'O', 'O', 'O', 'O', 'O', 'O', 'O', 'O', 'O', 'O', 'O', 'O', 'O', 'O', 'O', 'O', 'O', 'O', 'O', 'O', 'O', 'O', 'O', 'O', 'O', 'O', 'O', 'O', 'O', 'O', 'O', 'O', 'O', 'PAT', 'PAT', 'PAT', 'PAT', 'PAT', 'O', 'PAT', 'O', 'PAT', 'PAT', 'PAT', 'PAT', 'PAT', 'PAT', 'O']",270
666,376,"['Какова', 'Ваша', 'дальнейшая', 'лечебная', 'тактика', '?']","['O', 'O', 'O', 'O', 'O', 'O']",291
670,575,"['С', 'какими', 'заболеваниями', 'следует', 'провести', 'дифференциальный', 'диагноз', '?']","['O', 'O', 'O', 'O', 'O', 'O', 'O', 'O']",302
672,756,"['Больна', 'в', 'течение', '5', 'лет', '.']","['O', 'O', 'O', 'O', 'O', 'O']",313
675,482,"['Общий', 'анализ', 'крови', '(', '7.03', ')', ':', 'Нb', '–', '145', 'г', '/', 'л', ',', 'лейкоциты', '–', '18', '×', '10', '9', '/', 'л', ',', 'эритроциты', '–', '4,5', '×', '1012', '/', 'л', ',', 'тромбоциты', '–', '240', '×', '10', '9', '/', 'л', ',', 'палочкоядерные', '–', '12%', ',', 'лимфациты', '–', '20%', ',', 'нейтрофилы', '–', '74%', ',', 'эозинофилы', '–', '1%', ',', 'моноциты', '–', '3%', ',', 'СОЭ', '–', '25', 'мм', '/', 'ч', '.']","['O', 'O', 'O', 'O', 'O', 'O', 'O', 'PHY', 'PHY', 'PHY', 'PHY', 'PHY', 'PHY', 'O', 'PAT', 'PAT', 'PAT', 'PAT', 'PAT', 'PAT', 'PAT', 'PAT', 'O', 'PHY', 'PHY', 'PHY', 'PHY', 'PHY', 'PHY', 'PHY', 'O', 'PHY', 'PHY', 'PHY', 'PHY', 'PHY', 'PHY', 'PHY', 'PHY', 'O', 'PAT', 'PAT', 'PAT', 'O', 'PHY', 'PHY', 'PHY', 'O', 'PHY', 'PHY', 'PHY', 'O', 'PHY', 'PHY', 'PHY', 'O', 'PHY', 'PHY', 'PHY', 'O', 'PAT', 'PAT', 'PAT', 'PAT', 'PAT', 'PAT', 'O']",296
701,14,"['Как', 'вы', 'можете', 'оценить', 'подобную', 'ситуацию', '?']","['O', 'O', 'O', 'O', 'O', 'O', 'O']",270
708,540,"['Каков', 'наиболее', 'вероятный', 'диагноз', '?']","['O', 'O', 'O', 'O', 'O']",300
712,602,"['Настоящее', 'ухудшение', 'в', 'течение', '2', 'месяцев', '.']","['O', 'O', 'O', 'O', 'O', 'O', 'O']",304
726,642,"['Ритм', 'правильный', ',', '96', 'в', 'минуту', '.']","['PHY', 'PHY', 'O', 'PAT', 'PAT', 'PAT', 'O']",306
733,375,"[',', 'мочевая', 'кислота', '–', '300', 'мкмоль', '/', 'л', ',', 'креатинин', '–', '78', 'мкмоль', '/', 'л', ';', 'альбуминурия', '–', '0', 'мг', '/', 'сутки', '.']","['O', 'PHY', 'PHY', 'PHY', 'PHY', 'PHY', 'PHY', 'PHY', 'O', 'PHY', 'PHY', 'PHY', 'PHY', 'PHY', 'PHY', 'O', 'PHY', 'PHY', 'PHY', 'PHY', 'PHY', 'PHY', 'O']",291
735,240,"['Препараты', 'какой', 'фармакологической', 'группы', 'Вы', 'бы', 'рекомендовали', 'пациентке', 'в', 'качестве', 'этиотропной', 'терапии', '?']","['O', 'O', 'O', 'O', 'O', 'O', 'O', 'O', 'O', 'O', 'O', 'O', 'O']",284
736,433,"['Проведите', 'стратификацию', 'тяжести', 'заболевания', 'и', 'факторов', 'риска', '.']","['O', 'O', 'O', 'O', 'O', 'O', 'O', 'O']",293
754,306,"['Дайте', 'этиологическую', 'характеристику', 'возбудителю', ',', 'предположительно', 'вызвавшему', 'заболевание', ',', 'назовите', 'источники', 'инфекции', 'и', 'пути', 'заражения', '.']","['O', 'O', 'O', 'O', 'O', 'O', 'O', 'O', 'O', 'O', 'O', 'O', 'O', 'O', 'O', 'O']",288
755,331,"['Рост', '158', 'см', ',', 'вес', '91', 'кг', '.']","['PAT', 'PAT', 'PAT', 'PAT', 'PAT', 'PAT', 'PAT', 'O']",290
756,597,"['24', 'лет', 'жалуется', 'на', 'головную', 'боль', ',', 'слабость', ',', 'боли', 'в', 'суставах', '.']","['O', 'O', 'O', 'O', 'PAT', 'PAT', 'O', 'PAT', 'O', 'PAT', 'PAT', 'PAT', 'O']",304
761,102,"['Ночью', 'не', 'спал', ',', 'озноб', 'сменялся', 'чувством', 'жара', '.']","['O', 'O', 'O', 'O', 'O', 'O', 'PAT', 'PAT', 'O']",277
763,157,"['На', 'коже', 'живота', ',', 'ягодиц', 'и', 'нижних', 'конечностей', 'мелкая', 'звѐздчатая', 'сыпь', 'сине-фиолетового', 'цвета', ',', 'имеются', 'также', 'петехиальные', 'элементы', 'на', 'руках', '.']","['O', 'PAT', 'PAT', 'PAT', 'PAT', 'PAT', 'PAT', 'PAT', 'PAT', 'PAT', 'PAT', 'PAT', 'PAT', 'O', 'O', 'O', 'PAT', 'PAT', 'PAT', 'PAT', 'O']",279
768,143,"['Предположите', 'наиболее', 'вероятный', 'диагноз', '.']","['O', 'O', 'O', 'O', 'O']",278
769,318,"['Выявлена', 'небольшая', 'гиперемия', 'и', 'сухость', 'мягкого', 'нѐба', ',', 'задней', 'стенки', 'глотки', ',', 'миндалины', 'увеличены', ',', 'несколько', 'отѐчны', ',', 'отмечается', 'гиперплазия', 'лимфоидных', 'фолликулов', '.']","['O', 'O', 'PAT', 'O', 'PAT', 'PAT', 'PAT', 'PAT', 'PAT', 'PAT', 'PAT', 'O', 'PAT', 'PAT', 'O', 'PAT', 'PAT', 'O', 'O', 'PAT', 'PAT', 'PAT', 'O']",289
774,221,"['Какова', 'тактика', 'врача-терапевта', 'участкового', '?']","['O', 'O', 'O', 'O', 'O']",282
775,630,"['Поставьте', 'наиболее', 'вероятный', 'диагноз', '.']","['O', 'O', 'O', 'O', 'O']",305
